<?xml version="1.0" encoding="UTF-8"?>
<beans:beans xmlns="http://www.springframework.org/schema/mvc"
	xmlns:xsi="http://www.w3.org/2001/XMLSchema-instance"
	xmlns:beans="http://www.springframework.org/schema/beans"
	xmlns:context="http://www.springframework.org/schema/context"
	xmlns:mybatis-spring="http://mybatis.org/schema/mybatis-spring"
	xmlns:tx="http://www.springframework.org/schema/tx"
	xmlns:aop="http://www.springframework.org/schema/aop"
	xmlns:c="http://www.springframework.org/schema/c"
	xmlns:jdbc="http://www.springframework.org/schema/jdbc"
	xsi:schemaLocation="http://www.springframework.org/schema/jdbc http://www.springframework.org/schema/jdbc/spring-jdbc-3.1.xsd
		http://www.springframework.org/schema/mvc http://www.springframework.org/schema/mvc/spring-mvc.xsd
		http://mybatis.org/schema/mybatis-spring http://mybatis.org/schema/mybatis-spring-1.2.xsd
		http://www.springframework.org/schema/beans http://www.springframework.org/schema/beans/spring-beans.xsd
		http://www.springframework.org/schema/context http://www.springframework.org/schema/context/spring-context.xsd
		http://www.springframework.org/schema/aop http://www.springframework.org/schema/aop/spring-aop-3.1.xsd
		http://www.springframework.org/schema/tx http://www.springframework.org/schema/tx/spring-tx-3.1.xsd">

	<!-- DispatcherServlet Context: defines this servlet's request-processing infrastructure -->
	
	<!-- Enables the Spring MVC @Controller programming model -->
	<annotation-driven />

	<!-- Handles HTTP GET requests for /resources/** by efficiently serving up static resources in the ${webappRoot}/resources directory -->
	<resources mapping="/resources/**" location="/resources/" />

	<!-- Resolves views selected for rendering by @Controllers to .jsp resources in the /WEB-INF/views directory -->
	<beans:bean class="org.springframework.web.servlet.view.InternalResourceViewResolver">
		<beans:property name="prefix" value="/WEB-INF/views/" />
		<beans:property name="suffix" value=".jsp" />
	</beans:bean>

<!-- 	BasicDataSource dataSource = new BasicDataSource(); -->
<!-- 	dataSource.setDriverClassName = "com.mysql.jdbc.Driver"; -->

	<beans:bean id="ds" 
			class="org.apache.commons.dbcp.BasicDataSource" destroy-method="close">
		<beans:property name="driverClassName" value="com.mysql.jdbc.Driver" />
		<beans:property name="url" value="jdbc:mysql://localhost:3306/munggu" />
		<beans:property name="username" value="root" />
		<beans:property name="password" value="1234" />
	</beans:bean>
	
	<beans:bean id="ssf"
		class="org.mybatis.spring.SqlSessionFactoryBean">
		<beans:property name="dataSource" ref="ds" />
		<beans:property name="mapperLocations" value="classpath*:mappers/**" />
	</beans:bean>
	
<!-- 	ssf.setDatsource(ds); -->
	
<!-- 	SqlSession sqlSession = new SqlSession(ssf); -->
	<beans:bean id="sqlSession"
		class="org.mybatis.spring.SqlSessionTemplate">
		<beans:constructor-arg ref="ssf" />
	</beans:bean>
	
	
<!-- 	<beans:bean class="com.munggu.org.Nanum" id="nanum"> -->
<!--  		<beans:property name="addr" value="addr"/> -->
<!-- 	</beans:bean>	 -->
	
<!-- 	<beans:bean class="com.munggu.org.A"> -->
<!-- 	</beans:bean>	 -->
	
<!-- 	<beans:bean class="com.munggu.org.B"> -->
<!-- 	</beans:bean>	 -->
	
	<context:component-scan base-package="com.munggu.org" />
<!-- 	<context:component-scan base-package="com.munggu.org.freeboard" /> -->
	
</beans:beans>
