<?xml version="1.0" encoding="UTF-8"?>
<!DOCTYPE mapper PUBLIC "-//mybatis.org//DTD Mapper 3.0//EN" "http://mybatis.org/dtd/mybatis-3-mapper.dtd">
<mapper namespace="mappers">
<!-- 	<resultMap id="UserResult" type="com.munggu.org.User"> -->
<!-- 		<result property="idx" column="idx" /> -->
<!-- 		<result property="name" column="name" /> -->
<!-- 	</resultMap> -->

    <select id="test" parameterType="com.munggu.org.User" resultType="com.munggu.org.User">
        select * from user
        where idx=${idx};
    </select>
    
    <insert id="testinsert" parameterType="com.munggu.org.User">
    	insert into user values(111,'멍구');
    </insert>
</mapper>


